{
  "hourly_requests": [
    1758818863.4020844
  ],
  "daily_requests": [
    1758814003.2388234,
    1758818863.4020844
  ],
  "last_successful_request": 1758818864.477958,
  "consecutive_failures": 0,
  "total_requests": 2,
  "last_failed_request": 1758814003.5629258,
  "failure_types": {
    "429_rate_limit": 1
  }
}